"latitude","longitude","id"
"56.32518153883869","43.977955838409244",1
"56.32506827504895","43.97806312676967",2
"56.32677166568925","43.980300089088104",3
"56.32664126880258","43.98045833941996",4
"56.324838766040145","43.97907700177727",5
"56.324916262785166","43.97942568894932",6
"56.31762789997685","43.982703348365305",7
"56.31771435470836","43.98314859506152",8
"56.31734170196064","43.985551854338134",9
"56.328942274720546","43.965279944644685",10
"56.329092875525674","43.964948135389484",11
"56.32512788730105","43.95941104527942",12
"56.32497289458505","43.95982946988576",13
"56.32826039293616","43.983907660212",14
"56.32815607962967","43.984087368216166",15
"56.32897269512961","43.986874183380905",16
"56.3291112802424","43.986683746540606",17
"56.331103566668546","43.99557258721765",18
"56.330927737135404","43.995695968832464",19
"56.331838167483305","44.00307204362288",20
"56.331671281395444","44.003120323385325",21
"56.33151780488332","44.00928940411833",22
"56.33188435899303","44.00935645934498",23
"56.33000983379733","43.9960929357657",24
"56.329974070861994","43.99579252835615",25
"56.326290311920125","44.00396790143341",26
"56.32603398471261","44.00467064019449",27
"56.32497885515484","43.992386122906865",28
"56.32484472625707","43.992246648038154",29
"56.32307120019647","43.991152306758764",30
"56.323081632303335","43.99088408585729",31
"56.32118655206195","43.99024303790227",32
"56.316990658980735","43.98757960435094",33
"56.31546571349848","43.987099488937325",34
"56.314748684535786","43.99081434842236",35
"56.31510645585272","43.9926677548518",36
"56.314107670942704","43.99262752171699",37
"56.31424481909798","43.99483766194526",38
"56.314220967280434","43.99625386830512",39
"56.313654482196156","43.99333562489688",40
"56.315012541431344","43.99403031703173",41
"56.315093039566484","43.99392302867105",42
"56.31584881631201","43.99569060440634",43
"56.31645402767967","43.99572815533708",44
"56.31642213587856","43.99405445691239",45
"56.31690510293079","43.998254796228075",46
"56.31771748886159","44.002294203004624",47
"56.31649815872773","43.99850155945877",48
"56.31733142293229","44.00011893149449",49
"56.31625220081066","43.994011541567694",50
"56.31570959654734","44.002417584619586",51
"56.31558139772044","44.00249805089032",52
"56.317334404290854","44.010861178599015",53
"56.31719726727671","44.01088263627115",54
"56.31616723288505","44.0056657397363",55
"56.31632375218938","44.00558259125684",56
"56.32704006299808","44.005933960637265",57
"56.329174020914564","44.008318444449976",58
"56.329910150323265","44.009761472901594",59
"56.32906076869255","44.008742233473626",60
"56.328658425350696","44.011982341965435",61
"56.328765717498854","44.0120037996377",62
"56.32836933002513","44.01598956223299",63
"56.32835442808732","44.015479942519384",64
"56.32780305520888","44.01766326065786",65
"56.3278224282234","44.018065592010196",66
"56.32673009220661","44.02231421109041",67
"56.3267390337535","44.02183141346786",68
"56.3257971848116","44.025881549080154",69
"56.32568988431244","44.02575816746555",70
"56.329644906523555","44.00974001522824",71
"56.31311125051071","43.99134274359465",72
"56.31313957467691","43.98911114569333",73
"56.313303560781165","43.9890735947676",74
"56.315431582450074","43.986294826226036",75
"56.32220899785067","44.03689469929171",76
"56.322003319003755","44.03670694466058",77
"56.32342218494753","44.030808767035694",78
"56.32326122403754","44.03076585169227",79
"56.32360103079439","44.034724792199086",80
"56.323538435095934","44.03493936892017",81
"56.32590209428873","44.03338368769073",82
"56.325824599879006","44.033217390732524",83
"56.32990626904591","44.02514930601515",84
"56.329813881127876","44.02516808147826",85
"56.33044867019823","44.023121555999666",86
"56.33032499153446","44.02295257683181",87
"56.32228948103006","44.034515579895164",88
"56.322486216337964","44.03376456137099",89
"56.32684095949135","44.00628801222156",90
"56.325961705108185","44.00711949701596",91
"56.325881229930296","44.00689955587667",92
"56.324268710670346","44.009050687506814",93
"56.32420611607117","44.00884683962168",94
"56.32081691430044","44.013025721266814",95
"56.320781142875646","44.012875517562",96
"56.32030418428988","44.01572938795235",97
"56.32041150005904","44.01560064191918",98
"56.321505509645846","44.017800053312826",99
"56.32136540648541","44.01758547659088",100
"56.322900546960874","44.01039179201163",101
"56.322963144512926","44.01060100431604",102
"56.322352077060074","44.0076773964889",103
"56.32243554110318","44.00755401487531",104
"56.32300040330439","44.01182409162641",105
"56.32287371951","44.01174094314675",106
"56.32225668897874","44.014726241780494",107
"56.322156830357336","44.01457335586652",108
"56.314745699518355","44.012360533428435",109
"56.314948437115916","44.01211377019909",110
"56.31691016153085","44.00030132169767",111
"56.31781347480044","44.00214399929096",112
"56.31206529295573","44.015622099589834",113
"56.3092803324864","44.017923434925095",114
"56.30922665898867","44.017537196827014",115
"56.30657866696239","44.0201550328255",116
"56.30652498953512","44.019747337055236",117
"56.30520390440853","44.02245100374194",118
"56.3050309372056","44.02210768098787",119
"56.303814179834355","44.02620609636251",120
"56.303766462646486","44.02600761289462",121
"56.3016370439511","44.028652270984175",122
"56.3016400264155","44.02848060960723",123
"56.30140739323419","44.030553957175165",124
"56.301484937700764","44.03076316947832",125
"56.2997669922138","44.03205599422348",126
"56.29980576599338","44.03235103721487",127
"56.29810116720314","44.0333005392061",128
"56.29806537440371","44.03274263973121",129
"56.29644272681803","44.03396572704176",130
"56.29638306968336","44.03361167545202",131
"56.31965431748265","44.00320347184954",132
"56.31962748839109","44.003010352800565",133
"56.32200033374736","44.00412883395978",134
"56.322024180679136","44.00434877509899",135
"56.32431639766018","44.00523926849163",136
"56.324283609939926","44.0054323875404",137
"56.324139046380964","44.006650110433284",138
"56.3242374093667","44.00669570798651",139
"56.32545798346404","44.01198502416379",140
"56.325562304222856","44.01177581186063",141
"56.326975077139444","44.01447411412954",142
"56.32702574522911","44.01428635949849",143
"56.32873053691308","44.03360496992617",144
"56.328954061622284","44.03378199572089",145
"56.327180727670175","44.041085650868276",146
"56.327389359676125","44.041219761319574",147
"56.32537601475676","44.04984306330146",148
"56.325142035800546","44.04962043995258",149
"56.32372919649496","44.0568087601139",150
"56.32356227531689","44.056245496220846",151
"56.321852778388894","44.06475346321519",152
"56.321620269438235","44.064549615330186",153
"56.318314307143986","44.07650690311655",154
"56.31851106330998","44.07674293750882",155
"56.31013015143776","44.09174185032141",156
"56.309987025088766","44.09134488338736",157
"56.30575112821708","44.09662078851966",158
"56.30588234219974","44.096964111273444",159
"56.2994135477149","44.10431872839097",160
"56.299419512426184","44.10394858354692",161
"56.29383262180296","44.10977165931895",162
"56.2938982491331","44.10972069734752",163
"56.29356116076965","44.10565178627185",164
"56.2936685521273","44.10550158256701",165
"56.29346271837045","44.10295884842082",166
"56.29340603932959","44.1029749416749",167
"56.293537294734044","44.09923326009874",168
"56.29348359925915","44.09912328952897",169
"56.2940802158948","44.095797350350495",170
"56.294151808990534","44.09572761291607",171
"56.294778244763855","44.09155409568894",172
"56.294825972594886","44.09163992637728",173
"56.29550609027998","44.089107921067274",174
"56.29556873207441","44.0892044805918",175
"56.29651729517586","44.086270143929404",176
"56.29657695243807","44.086372067871956",177
"56.29859480433086","44.0802190803914",178
"56.29866937182507","44.08041488164957",179
"56.288778954488976","44.089880397262945",180
"56.28881773942944","44.08984821075479",181
"56.288801330503674","44.086747577133494",182
"56.28884608217633","44.086801221313635",183
"56.28800025972144","44.086436440887326",184
"56.287955507164455","44.08642034763358",185
"56.28808081548276","44.08411901229881",186
"56.28803904608227","44.08411364788078",187
"56.287995784235","44.08091913694314",188
"56.288040536758324","44.080892314853024",189
"56.28867304066301","44.07958876127246",190
"56.28830159568684","44.0796316766167",191
"56.27171563706176","44.08775608772233",192
"56.27161713825344","44.087536146583226",193
"56.27310354755451","44.08522140020318",194
"56.27321696615951","44.08547352785042",195
"56.27629853587183","44.083373358191714",196
"56.27619109575872","44.083030035438",197
"56.274558561823206","44.08413510555202",198
"56.27451826990354","44.08388297790478",199
"56.27924109026043","44.08180694812701",200
"56.279181405771844","44.08149044746325",201
"56.28144636464303","44.08033173316853",202
"56.28140458792945","44.07998304599656",203
"56.28469286886714","44.07761733764468",204
"56.284683917529875","44.078185965956195",205
"56.28493455483527","44.077585151136496",206
"56.28644879036269","44.07712649339534",207
"56.28641298647364","44.07672952646111",208
"56.286991811586425","44.076799263895374",209
"56.28690827037755","44.076461305559484",210
"56.291150737948435","44.07540451520711",211
"56.29095980896091","44.07500218385544",212
"56.29766567912039","44.07907914155695",213
"56.29778200744663","44.07870363229523",214
"56.295962476696495","44.07696019643622",215
"56.29584316012454","44.077233781755695",216
"56.29423533287921","44.076058974206866",217
"56.29432184106854","44.075721015870975",218
"56.297777532999916","44.08350746864056",219
"56.297716386578784","44.083405544698216",220
"56.31174177709915","43.98879598611567",221
"56.31174773990423","43.988511671959735",222
"56.30854677968672","43.985877742705895",223
"56.30877787790003","43.98464929097747",224
"56.30688581261732","43.98406188720307",225
"56.305582632547875","43.98074399465087",226
"56.30541712208061","43.98098807567003",227
"56.30662488165319","43.984120895800956",228
"56.32362635557384","43.953939338859264",229
"56.32379625716309","43.95403589838346",230
"56.319768336250505","43.94810285204255",231
"56.32181327673418","43.94850250118598",232
"56.32195151526185","43.9479613655172",233
"56.3219157445928","43.947278743322485",234
"56.32283309722451","43.945866560274865",235
"56.34184884405472","43.905461763675",236
"56.30361249438074","43.98471835785547",237
"56.30181560995288","43.98445281916286",238
"56.2955758121773","43.98361060553211",239
"56.29217510912415","43.98236606054919",240
"56.2870018768604","43.98146483831979",241
"56.284650719599654","43.98128244810689",242
"56.27804551462673","43.979386126332884",243
"56.27531477005934","43.97798601322728",244
"56.272258491439665","43.976612722211605",245
"56.29396200716928","44.03462085657641",246
"56.29378003963564","44.034695958428706",247
"56.29175745747592","44.035602545075825",248
"56.29179027308895","44.03596196108382",249
"56.28917090149822","44.03635892801803",250
"56.2892246034081","44.03587613039535",251
"56.28731813918948","44.036278461747585",252
"56.287330073534555","44.03586003714125",253
"56.28480587622313","44.03632674150972",254
"56.28480587622313","44.03599414759188",255
"56.28286636730628","44.036450123124375",256
"56.28287233506003","44.03604779177209",257
"56.28336169753901","44.03770271473433",258
"56.28324681733947","44.037729536824486",259
"56.28339899621682","44.04125127726098",260
"56.283291575886246","44.04128346376916",261
"56.28344077068735","44.044842755131945",262
"56.28327963933206","44.044864212802906",263
"56.28287681112777","44.04820892744554",264
"56.2827574535494","44.04815528326525",265
"56.281845846781884","44.05153486662321",266
"56.28197863613115","44.0517548077631",267
"56.2848043840147","44.05441555910572",268
"56.26685600205434","43.97541320345941",269
"56.261707693817804","43.97390043757485",270
"56.261815174948346","43.97352224610383",271
"56.25694089579212","43.970966100912605",272
"56.256967769224175","43.97144353411708",273
"56.255998810566304","43.970955372075174",274
"56.25602568583459","43.97291606686611",275
"56.25586070657791","43.975167781333575",276
"56.25631682334834","43.97841191313749",277
"56.2569259656599","43.98167079709044",278
"56.25692895165522","43.985356152276964",279
"56.257214110481996","43.988207340459695",280
"56.25758138000808","43.99125567100514",281
"56.256787116842965","43.99315601609045",282
"56.256646028932614","43.995399683931176",283
"56.25669455106825","43.995288372257214",284
"56.24406845814199","44.07273849866797",285
"56.243692097574964","44.085028380374254",286
"56.24757500614347","44.079470843295624",287
"56.25497234561871","44.07526513956015",288
"56.21818649960458","43.93487831971881",289
"56.215203359470024","43.960986942271454",290
"56.288673730192485","44.10093924425032",291
"56.288691631188485","44.10079976938179",292
"56.290944091058954","44.1004028024475",293
"56.290979890411","44.10015067479965",294
"56.28866776326549","44.098071962813506",295
"56.28867223848668","44.0979593100349",296
"56.28990588771462","44.09600397966298",297
"56.28984621998212","44.09594497106466",298
"56.290028206245985","44.092951625804",299
"56.29005803997786","44.0928604306975",300
"56.28830676031486","44.09271559141069",301
"56.288339578902615","44.092613667468136",302
"56.27909138507256","44.035577041873246",303
"56.27919881725189","44.035094244250566",304
"56.27690387995833","44.03328107095553",305
"56.276617376292485","44.032031161555004",306
"56.20566830951419","43.77810106969671",307
"56.20596730664622","43.79643665052236",308
"56.381515417695624","43.803442580469316",309
"56.389005775528354","43.74737368322174",310
"56.388851042993764","43.74743537402861",311
"56.32188805170757","43.956653041607545",312
"56.31279827166154","43.98550824619001",313
"56.31285790342861","43.985218567616556",314
"56.31159667200907","43.9812757203641",315
"56.31189483934287","43.98171560264277",316
"56.309221686731554","43.98021624780333",317
"56.309247032659734","43.98004726863552",318
"56.30674814504142","43.97937135196346",319
"56.30673919877269","43.979237241512465",320
"56.30886730831841","43.74268518186163",321
"56.31121697125332","43.81273375249457",322
"56.29091079059477","43.99031208253254",323
"56.291125588857916","43.9903389046239",324
"56.2904603103415","43.995102507835",325
"56.29069897652954","43.99519370294137",326
"56.2913732013587","44.00083170629045",327
"56.29120017136628","44.00084243512671",328
"56.29158501276811","44.00399134851011",329
"56.291790856472176","44.0036158392477",330
"56.293093016959986","44.01312158799641",331
"56.292881213941385","44.01322351193929",332
"56.29385370867438","44.01865230298539",333
"56.29367174068505","44.01881323552628",334
"56.29435187885014","44.022525412802885",335
"56.29422659114581","44.02260587907333",336
"56.29232634375142","44.00916264749066",337
"56.29254113302096","44.00906072354798",338
"56.294867940328615","44.026189310317",339
"56.29474265432988","44.02629659867758",340
"56.295592801205125","44.03133378720755",341
"56.29539592676454","44.031253320937104",342
"56.295440671029645","44.03390870786185",343
"56.29542426479327","44.03483138776298",344
"56.29709766371144","44.03575138545501",345
"56.297190131028636","44.0354456136273",346
"56.29756745480315","44.040893180136365",347
"56.29743472057554","44.040844900374076",348
"56.29714091446395","44.0441949794337",349
"56.29777624915727","44.04444710708109",350
"56.296349713852536","44.04743240571444",351
"56.29652570341965","44.04720173573917",352
"56.296154334877855","44.05047671294638",353
"56.29606484794543","44.050272865061245",354
"56.29539816365546","44.052617115740205",355
"56.29536833409492","44.05242936110913",356
"56.294278048097915","44.05353979564126",357
"56.29421987874829","44.0533305833381",358
"56.293299597957365","44.05428008532933",359
"56.293101220088154","44.05412451720646",360
"56.291821434210085","44.054073555235114",361
"56.2918691659213","44.05391262269422",362
"56.2903775216422","44.0520189831296",363
"56.29025222086277","44.05241058564578",364
"56.289003665484444","44.053773147825225",365
"56.28893653775078","44.05355857110404",366
"56.28763721869161","44.055194718602934",367
"56.28758948167395","44.05501769280791",368
"56.286830156722964","44.05548976159464",369
"56.28682866490356","44.05532882905375",370
"56.284766924056775","44.05462877250079",371
"56.288348791267275","43.995027405980366",372
"56.299034208848035","43.98430661654642",373
"56.2988925321952","43.9842797944567",374
"56.29839292965626","43.991690737964895",375
"56.29819607060424","43.99151907658879",376
"56.298487429376465","43.997554287352486",377
"56.29835191754753","43.9976023266336",378
"56.3032318827276","44.017095521132404",379
"56.30316776237393","44.01656712595648",380
"56.29966931084407","44.009711399713396",381
"56.299776685388686","44.00960411135353",382
"56.29911453981631","44.005784645715785",383
"56.299239811133845","44.0057470947894",384
"56.25604142164931","43.97046263519792",385
"56.252982103643966","43.96927709881345",386
"56.25300599385264","43.968880131879246",387
"56.25020775129656","43.96801109615836",388
"56.250372008166096","43.96756048504393",389
"56.24883244426199","43.9673190862313",390
"56.24888471062575","43.96692211929775",391
"56.2459741589671","43.96599943939558",392
"56.246069738394304","43.96545763317609",393
"56.24552464022697","43.97144164148779",394
"56.245402178523335","43.97139872614314",395
"56.245122905171925","43.97438134256791",396
"56.24498550786927","43.97428478304333",397
"56.24387436348756","43.980110541023485",398
"56.24421189196925","43.98028220240056",399
"56.26133231166433","43.9756661206847",400
"56.26127110631908","43.97562588754955",401
"56.26093820742219","43.97957946363755",402
"56.26086655168563","43.979509726203105",403
"56.260593362594484","43.98406679931874",404
"56.26052916996492","43.98404265943737",405
"56.25988574970656","43.990329757368634",406
"56.25981558480054","43.99024124447114",407
"56.2582420665236","43.99860705438842",408
"56.25817339158134","43.998464897310804",409
"56.25935428495881","44.00375421348801",410
"56.259284119108436","44.00387491289371",411
"56.25899151120556","43.99347867075178",412
"56.258904922739745","43.993449166452734",413
"56.25964091840827","44.005285754835235",414
"56.2577374518331","44.00859828296859",415
"56.257830014464886","44.00874044004614",416
"56.25840628857108","44.0113931447621",417
"56.25854065167855","44.01106591526229",418
"56.25955283849557","44.01450987163737",419
"56.259726012313976","44.01420409980967",420
"56.26087252255103","44.01844199005311",421
"56.26108002527181","44.018144264852424",422
"56.26248474412941","44.0224545747392",423
"56.26263402045902","44.02191813293623",424
"56.264825037292574","44.02383859459085",425
"56.26483100799055","44.023387983476326",426
"56.268496839572045","44.023860052262755",427
"56.26860430178714","44.02340944114833",428
"56.27120717897536","44.02468617263864",429
"56.27138029986915","44.02420337501626",430
"56.27359199896968","44.02773852649803",431
"56.2734338113661","44.026858761940886",432
"56.32152384234595","44.02336920801219",433
"56.321425472284396","44.0234979540448",434
"56.32155067048025","44.02739252153449",435
"56.3214999950865","44.02739252153449",436
"56.32041790976145","44.03052534166304",437
"56.32024203105657","44.03079892698313",438
"56.322659550284136","44.01897038522734",439
"56.32271618575724","44.01873435083402",440
"56.325452472687886","44.021204665336604",441
"56.32536454480377","44.02084793153719",442
"56.32135467490501","44.04207895699415",443
"56.32115793374221","44.04214869442845",444
"56.32100590578813","44.04714833203218",445
"56.32079723897912","44.04705177250768",446
"56.31972705830673","44.05508767071613",447
"56.319905920703285","44.055275425347205",448
"56.31939019851967","44.05525396767502",449
"56.31916959849906","44.05617128315815",450
"56.31824843044438","44.06259785595779",451
"56.31805167320258","44.06241546574477",452
"56.31549373634866","44.069587692649954",453
"56.31612280183374","44.07049964371495",454
"56.31102438744029","44.07404015961423",455
"56.30961698564073","44.075847968490805",456
"56.31116751040484","44.07443712654907",457
"56.30975116816743","44.07617519799064",458
"56.306354713722314","44.07991419735713",459
"56.306286125495156","44.079527959259",460
"56.305382537931465","44.08026288452844",461
"56.30541399026206","44.079797018821296",462
"56.30169802684639","44.08051048641941",463
"56.30168907950061","44.080081332976924",464
"56.29889739417958","44.08011888390308",465
"56.29895704778004","44.07973801022305",466
"56.30094047457256","44.03477882271515",467
"56.300773453128464","44.034907568747855",468
"56.301662237347216","44.03770779495942",469
"56.3015369737071","44.037890185172415",470
"56.30265836678541","44.0417954814981",471
"56.30247942328949","44.04184912567841",472
"56.30231240859332","44.04688094979033",473
"56.30222293614053","44.04652689820038",474
"56.29973551772301","44.048973072821944",475
"56.299681830641035","44.04884432678924",476
"56.2970093112676","44.05139778977138",477
"56.296967551663435","44.05097936516507",478
"56.30262257789257","44.0499493969029",479
"56.30252714137314","44.049380768591774",480
"56.30137293721471","44.054125596339176",481
"56.30156978067503","44.05432139759734",482
"56.30042002126154","44.05973409538939",483
"56.3002261543735","44.05988429909418",484
"56.29985333050007","44.06716381436033",485
"56.29967735657607","44.06745885735216",486
"56.29937312813938","44.073831785971336",487
"56.299223995762546","44.073804963881074",488
"56.299024157526","44.07731865769063",489
"56.29881537009424","44.077232827002256",490
"56.30539460564443","44.07232438450441",491
"56.30554967816148","44.07233511334059",492
"56.30541846299005","44.06890725021959",493
"56.30555266028471","44.068896521383515",494
"56.30550792785966","44.06459962254159",495
"56.30564212494231","44.06456743603361",496
"56.30663815006616","44.06088208084673",497
"56.30674550449789","44.061053742223756",498
"56.30788761801257","44.05265842800715",499
"56.308003914809454","44.05271207218752",500
"56.30884481984764","44.046993602567966",501
"56.3089521680456","44.04720281487097",502
"56.30883587420314","44.041913498693894",503
"56.30897900514629","44.04221390610355",504
"56.31060708171454","44.03777216797484",505
"56.31067268012577","44.03792237167956",506
"56.312252978139185","44.03405999069765",507
"56.31239013277492","44.03415655022238",508
"56.313207088706754","44.03043364410997",509
"56.313314424629226","44.03014396553637",510
"56.314179064060795","44.02702187424305",511
"56.31413732329117","44.02678583984973",512
"56.31683248993638","44.024511326605065",513
"56.31686230265187","44.02415727501509",514
"56.29743585223906","44.067987252527224",515
"56.297425412438656","44.06772439604352",516
"56.29398162029794","44.06825279121953",517
"56.293995044210035","44.06798457031788",518
"56.29173679816736","44.06824742680143",519
"56.291820328801634","44.06796847706398",520
"56.288905597688256","44.068295706563894",521
"56.288901122508285","44.067992616945126",522
"56.286017496570985","44.06832252865392",523
"56.286030923181386","44.0681186807688",524
"56.284868759057616","44.06875972872325",525
"56.28479416452433","44.068754364305306",526
"56.28487621855875","44.072718669229204",527
"56.28479565643035","44.07271598702011",528
"56.279342399918214","44.05151580696631",529
"56.279228999703115","44.05170892601539",530
"56.278090502467776","44.05170356159723",531
"56.278020371121954","44.051639188580886",532
"56.27391074703249","44.056713928036814",533
"56.27392865501058","44.05689631825007",534
"56.27563881299091","44.05354623919047",535
"56.27572834796485","44.05372594719448",536
"56.26230769481037","44.02760123138893",537
"56.26221215720426","44.027493943028354",538
"56.26829623037299","44.031806935124294",539
"56.26843354367274","44.032010783009426",540
"56.250904186238486","44.04205297355927",541
"56.25096092884683","44.04242848282193",542
"56.246603470935334","44.05546938305311",543
"56.24675280944935","44.05572687511843",544
"56.24386288746084","44.0593746793788",545
"56.243918146808596","44.05963753586237",546
"56.23756130506788","43.9772722614325",547
"56.23758221748387","43.977046955875394",548
"56.24095493672885","43.983881224444914",549
"56.24118495194153","43.984031428149834",550
"56.23987653542889","43.99117683296555",551
"56.240094607960295","43.991289485744204",552
"56.23899527036233","43.99684702282245",553
"56.239249196243485","43.99694894676526",554
"56.237486617598336","44.00730227356292",555
"56.2377644532418","44.00743638401374",556
"56.2355805506798","44.02492975120855",557
"56.235293735944076","44.02484928493742",558
"56.2351443528125","44.04494439487776",559
"56.234839608804165","44.044987310222",560
"56.22911474943248","44.073316801836526",561
"56.22897131820856","44.072801817705866",562
"56.27509849208348","43.97968088512635",563
"56.27512236859538","43.9887467515972",564
"56.27712494389737","43.98960505848178",565
"56.2771219596011","43.989347566416534",566
"56.27778150306877","43.982760061075844",567
"56.27745919364092","43.98610209350853",568
"56.27480600574423","43.983012188723215",569
"56.27936913571412","43.99101053600574",570
"56.27942881983278","43.99081205253856",571
"56.2812730136235","43.99270569210272",572
"56.28103428823826","43.99264131908668",573
"56.28223983717996","43.993242133906165",574
"56.28224282114396","43.99302755718488",575
"56.28502677686905","43.99404143219253",576
"56.28500290670366","43.99384831314333",577
"56.28838933297572","43.99480317955271",578
"56.284638885163574","43.98066257362605",579
"56.28701092961556","43.980984438707836",580
"56.292282604990085","43.981950033953225",581
"56.29571312770485","43.983151663591826",582
"56.30181272820602","43.98408507232895",583
"56.303807935496295","43.98423527603384",584
"56.3251983904792","44.00159721498648",585
"56.32544727143086","44.00151138429849",586
"56.3061310716817","43.98951386337475",587
"56.30624140967582","43.989583600809134",588
"56.30622649914786","43.99402533893774",589
"56.30632490847878","43.993966330339425",590
"56.30647401294381","43.99732982044399",591
"56.306590314068735","43.99728154068155",592
"56.30806044868406","44.00067185287629",593
"56.308206564515274","44.00061284427805",594
"56.30961103675455","44.006760467340094",595
"56.30973925570599","44.006642450143616",596
"56.31030878088046","44.0091851842896",597
"56.310457869807635","44.00903498058466",598
"56.312178314029225","44.01495729808985",599
"56.31302508965309","44.01906644230028",600
"56.24468877613749","44.06514142875809",601
"56.245106943638206","44.06506632690572",602
"56.24426761726265","44.072866190721115",603
"56.24341035023587","44.078927983094886",604
"56.24361645446612","44.07911573772576",605
"56.243565675306","44.08470009689493",606
"56.24752027760824","44.07903527145549",607
"56.2514386330248","44.07699679260416",608
"56.25158197985583","44.07736157303018",609
"56.25493853073156","44.07500122909707",610
"56.31254803494163","43.977116693306684",611
"56.312634501436165","43.976666082192004",612
"56.31076200925057","43.98060356502651",613
"56.31097371265948","43.980850328255315",614
"56.31007918252407","43.98426746254073",615
"56.310368416268425","43.98446594600781",616
"56.31488778071221","43.98353656058363",617
"56.31502194456996","43.98325224642767",618
"56.3167779576934","43.987769086408846",619
"56.3241268422765","43.99459396724724",620
"56.324231166687966","43.994770993042216",621
"56.31502897993337","44.000005766216546",622
"56.31516463406439","43.99969731217985",623
"56.307860983099296","43.987820490661214",624
"56.30811146843297","43.9878687704236",625
"56.308393262267515","43.99030153399995",626
"56.30862585247594","43.990057452979514",627
"56.31018811703867","43.99893824702799",628
"56.31035211536952","43.998629792991274",629
"56.31173116411922","44.00361065513155",630
"56.31193838987711","44.00335584527522",631
"56.313786972014505","44.0096536720416",632
"56.3140046216752","44.00942300206596",633
"56.3161691257177","44.01608024484137",634
"56.31584714121721","44.01586030370229",635
"56.31720661278859","44.01944373494611",636
"56.31681606787101","44.01932035333163",637
"56.31814867422856","44.02267847901816",638
"56.317901236343104","44.02297352200984",639
"56.318825393987645","44.02553771382819",640
"56.31868826234328","44.02565573102485",641
"56.31551620986868","44.02572010404111",642
"56.315444656763084","44.02558062917235",643
"56.293298467490466","44.01466403848161",644
"56.291365357933586","44.01551161653029",645
"56.29124006040562","44.01554380303845",646
"56.293071749856225","44.014771326842165",647
"56.29197692330227","44.02016793138013",648
"56.291897867819245","44.02020548230632",649
"56.29276448557012","44.026023193659455",650
"56.29268543177107","44.02605001574959",651
"56.29329697591081","44.02989093905895",652
"56.29319405812541","44.02992312556699",653
"56.29082538222305","44.012598737539996",654
"56.29092681469186","44.012550457777714",655
"56.29036296605204","44.00932107812368",656
"56.29047334978629","44.00918160325497",657
"56.28981551776297","44.00489811545822",658
"56.2898543017646","44.0046272123474",659
"56.288908556067035","44.00217299109911",660
"56.2889980598249","44.00199060088608",661
"56.28779272481975","43.999737545313465",662
"56.287810626119764","43.999603434862784",663
"56.284382374932285","43.99892751819087",664
"56.284462937948874","43.998739763559946",665
"56.28096601662998","43.997822448076796",666
"56.28096004844662","43.99760787135559",667
"56.28167025400191","43.987758799852735",668
"56.28154194050388","43.98771052009055",669
"56.280910810888635","43.99486665374209",670
"56.281030174083256","43.99489347583209",671
"56.31172397390491","44.05228201991424",672
"56.31184920416707","44.05216936713579",673
"56.312934514460416","44.05499641543751",674
"56.31300010923125","44.054701372446026",675
"56.31696241376891","44.055200263321844",676
"56.3170011705656","44.054948135674756",677
"56.31046866855478","44.02148489600528",678
"56.31065353799331","44.02083043700578",679
"56.307948987547306","44.02351801043871",680
"56.308086157909734","44.02378086692208",681
"56.30635658244916","44.02512197142967",682
"56.3064520093566","44.0254116500033",683
"56.30492515010071","44.02663473731403",684
"56.3049877763919","44.02695123797779",685
"56.30357716872923","44.02809385901808",686
"56.30364576185386","44.028453275026045",687
"56.3022917703359","44.02954225188612",688
"56.30233352409787","44.02986948138593",689
"56.267014834865805","43.97478648804544",690
"56.27234001963358","43.97594520233987",691
"56.275396291691465","43.977447239388205",692
"56.27811210886265","43.978986827362725",693
"56.27395623302091","43.99083682679039",694
"56.273909971134664","43.9906410255322",695
"56.270080488761955","43.994066206444344",696
"56.27003272984258","43.993883816231396",697
"56.265387878106765","43.99800100706902",698
"56.26532966459852","43.997866896618284",699
"56.26781336124721","43.995806960094846",700
"56.26786112309309","43.99596521042675",701
"56.2714669669916","43.99272241972771",702
"56.27151024696446","43.99288335226856",703
"56.26395938264104","43.99920263670706",704
"56.263920572151505","43.99903365753928",705
"56.263104051098885","43.99992415093222",706
"56.26305777606099","43.99975248955535",707
"56.26180683616919","44.00183924816894",708
"56.26175608115811","44.001686362255015",709
"56.25993781370438","44.00508203886801",710
"56.25980196256885","44.00505521677768",711
"56.25768202626782","43.99873861454763",712
"56.25775965977055","43.99866083048609",713
"56.26477439275132","44.03126308106218",714
"56.26479827556939","44.03087684296405",715
"56.23932919953184","43.96015772007709",716
"56.23948155390357","43.959768799769975",717
"56.23835083087668","43.95833381794682",718
"56.238464788195365","43.95798437529403",719
"56.236178476641705","43.95469417802277",720
"56.23630395535769","43.9543964528222",721
"56.233307291295326","43.95038386813568",722
"56.23346713931062","43.95004859200878",723
"56.23140549777665","43.94708743325625",724
"56.231528004221836","43.94675483933849",725
"56.230485192752674","43.94580667845152",726
"56.230550182589084","43.94547140232474",727
"56.22513174481359","43.9407332800993",728
"56.22519300813365","43.940387275136295",729
"56.21804545205231","43.93523206940939",730
"56.21503091324404","43.96089812747317",731
"56.213057957533195","43.96805426112431",732
"56.212842719967156","43.96802743903443",733
"56.21838769264137","43.939483370698234",734
"56.21817846302081","43.93926342955892",735
"56.24487884901623","44.04040953151058",736
"56.245025207377765","44.040549006379266",737
"56.243591468306384","44.04651960364649",738
"56.24369003958131","44.046701993859514",739
"56.24304185403969","44.053241219437865",740
"56.2431912064822","44.053321685708184",741
"56.20550896641248","43.777520861541745",742
"56.20573620544305","43.79672547808882",743
"56.213616971516224","43.826766219054704",744
"56.21382024764921","43.82646581164571",745
"56.21846540604507","43.8421513699652",746
"56.21853714144589","43.84189387789963",747
"56.22563828494544","43.860519137299164",748
"56.229750127528604","43.87116214267025",749
"56.23454870891438","43.87624761096246",750
"56.23446505265889","43.87593647471657",751
"56.240201057936716","43.864671196853855",752
"56.24012936330968","43.864360060608355",753
"56.23562128534849","43.87004097930131",754
"56.23569597630619","43.870405759727184",755
"56.235098445518574","43.861946072494845",756
"56.23538526151739","43.861613478576956",757
"56.23094534742725","43.85157128802548",758
"56.23114853106839","43.850949015533736",759
"56.2287999009024","43.84589036933181",760
"56.23335957711908","43.856490459358106",761
"56.23597083752665","43.84126624099008",762
"56.235994738354236","43.84142180911292",763
"56.23526575519133","43.83734485141029",764
"56.23520600191172","43.83681913844345",765
"56.23051507261202","43.84163638583431",766
"56.22899114336005","43.84199043742416",767
"56.2431852319752","43.84568652144635",768
"56.24339432438868","43.8458045386427",769
"56.24215319377825","43.85631611577222",770
"56.242384695413406","43.856678213989106",771
"56.23012662555073","43.87738486758375",772
"56.23002503113067","43.877116646682275",773
"56.22744324682863","43.88070544234412",774
"56.227350610118386","43.88050695887702",775
"56.22636446344312","43.8793321513285",776
"56.226424230632944","43.879139032279426",777
"56.22533346467698","43.876623120223414",778
"56.22536036065063","43.87645145884647",779
"56.2243950820428","43.87428959838012",780
"56.22452956505569","43.87424131861807",781
"56.22296355611212","43.870577421103796",782
"56.22302631725188","43.870470132743215",783
"56.2213078201552","43.8661678694832",784
"56.221403460285565","43.865947928343985",785
"56.2198343340946","43.862831201468644",786
"56.21975363443278","43.86267563334577",787
"56.219033307663956","43.86387726298445",788
"56.218955595250684","43.86376461020582",789
"56.21736245589031","43.86594256392591",790
"56.21732658707227","43.86578699580304",791
"56.22038129389687","43.86120041838755",792
"56.22042911515289","43.8613184355842",793
"56.22267664656666","43.85828753939733",794
"56.22270354440601","43.858410921012016",795
"56.225499322551926","43.854470755968904",796
"56.225535183703606","43.85460486641971",797
"56.2276628842133","43.85175636044587",798
"56.22770920220379","43.85188510647843",799
"56.22991745991878","43.848969545279424",800
"56.229950328824025","43.849119748984265",801
"56.22909273987575","43.84552558890414",802
"56.226552729378405","43.83980175486633",803
"56.226606519588074","43.83965691557952",804
"56.225581504174436","43.837913479719845",805
"56.225668168367754","43.837666716490475",806
"56.22345667588358","43.834603633794735",807
"56.22352541342211","43.834287133131305",808
"56.22198327307682","43.83070906630571",809
"56.22204603582865","43.83062860003526",810
"56.220381293603396","43.82811805239728",811
"56.220381293603396","43.827855195913834",812
"56.219122975268036","43.82742067805342",813
"56.21915585347185","43.82727047434858",814
"56.21697985306515","43.82656237116866",815
"56.216976863968306","43.82641216746382",816
"56.21544641556435","43.826176133070355",817
"56.2156855520299","43.82602592936536",818
"56.211025107884616","43.82061859599142",819
"56.21097727456775","43.82010092965103",820
"56.20855863870071","43.813105728540464",821
"56.20860647476854","43.81281068554883",822
"56.20532807017796","43.78613343468582",823
"56.205531390095636","43.78583302727612",824
"56.206610762518295","43.80411496392138",825
"56.20683201506106","43.80397548905264",826
"56.20620100462028","43.77002073238048",827
"56.20649999750653","43.77016020724937",828
"56.21399199529757","43.76126063773818",829
"56.21398302729763","43.761072883107154",830
"56.21763581542684","43.75675989101103",831
"56.21764179351029","43.75647021243743",832
"56.223428145753495","43.74119234988856",833
"56.223493894709165","43.741449841954",834
"56.24650504774229","43.81411624858489",835
"56.246116763657824","43.81361199328975",836
"56.23735244214932","43.83844924876799",837
"56.23745401705078","43.83824540088286",838
"56.238338304810654","43.84103489825832",839
"56.23837415388259","43.84083105037319",840
"56.239282319125856","43.843363055683206",841
"56.24031294095352","43.848201760746065",842
"56.2404264570219","43.84832514236075",843
"56.2353836277302","43.852021226383",844
"56.23530893621542","43.85172081897337",845
"56.2327962303809","43.854706117607044",846
"56.23283806037171","43.85481877038565",847
"56.24185135328516","43.859705755210186",848
"56.220242173161274","43.84687943170106",849
"56.220349771288426","43.84669704148801",850
"56.222235678142496","43.851857611632504",851
"56.22235373100331","43.85172886559967",852
"56.22389585656379","43.85614914605617",853
"56.22402436424622","43.85595602700714",854
"56.22573526803813","43.8603012056115",855
"56.22690073055765","43.86332673738025",856
"56.226769244258406","43.86344475457695",857
"56.22987698101605","43.87093348214646",858
"56.231538320832954","43.875761458372786",859
"56.23171759786489","43.87560052583197",860
"56.232930683424655","43.878196904158735",861
"56.23299641600826","43.87842220971599",862
"56.23302031845355","43.856728503202866",863
"56.23156222456067","43.846841880774285",864
"56.23158911613731","43.84711546609381",865
"56.23328324764775","43.84471220681643",866
"56.23336093088137","43.844878503775355",867
"56.23465762005481","43.84289366910424",868
"56.23470243571362","43.84312433907953",869
"56.242117208146446","43.85979426810676",870
"56.242681771188934","43.86364323804307",871
"56.24269371951564","43.86339915702271",872
"56.24228747386191","43.864560553525706",873
"56.24217844420252","43.8646946639769",874
"56.24356892470151","43.868267366384565",875
"56.243997558848285","43.868876227830945",876
"56.239207634233196","43.865467140172655",877
"56.23932712828504","43.86586410710686",878
"56.23665037176628","43.868728706334736",879
"56.236751948544125","43.86908275792471",880
"56.2333071495505","43.87302560517602",881
"56.233411723129656","43.873315283749726",882
"56.23775276402379","43.86858386704777",883
"56.237899149769255","43.868235179875825",884
"56.236384478105975","43.87887282082866",885
"56.23651593126471","43.87862605759929",886
"56.236557757163254","43.88325018594097",887
"56.236710122591724","43.883169719670526",888
"56.237893174653415","43.88788504311865",889
"56.23798877321251","43.887665101979444",890
"56.24332398805891","43.902395793888864",891
"56.243443469186786","43.902267047856306",892
"56.24826720826018","43.91502363393127",893
"56.2483538208993","43.91484124371824",894
"56.250804279467125","43.91669196793768",895
"56.25094314914493","43.91708625266323",896
"56.25324562243054","43.922498950455406",897
"56.25330982690908","43.92239970872194",898
"56.256315370282735","43.928702899906774",899
"56.25595704664263","43.92882896373042",900
"56.25621981766793","43.92884505698463",901
"56.25745302534139","43.93089694688094",902
"56.25754260301883","43.93069846341382",903
"56.25856675979051","43.93182499120015",904
"56.25873098061733","43.93210930535572",905
"56.26513802585665","43.94225878426772",906
"56.26526042397276","43.941963741276325",907
"56.27429291674603","43.94990844437856",908
"56.274313808985276","43.949704596493426",909
"56.27881134427314","43.95191473672158",910
"56.278835218285664","43.9517216176725",911
"56.28643534798089","43.95341677376932",912
"56.286444298933944","43.95318610379378",913
"56.29302567348514","43.95257456013887",914
"56.29300479147564","43.9521185846061",915
"56.29665299829777","43.9513675660823",916
"56.296638084012194","43.95112080285293",917
"56.29708849248668","43.93986625382604",918
"56.305291111563136","43.9426369757379",919
"56.305195681750725","43.94293201872945",920
"56.30929298424342","43.94469154784351",921
"56.30932578473798","43.9444930643764",922
"56.31358364510249","43.94624186465403",923
"56.31680355901138","43.94719673106314",924
"56.3205240090567","43.94584489771962",925
"56.32060449552601","43.945496210547695",926
"56.31468679413788","43.938675353022425",927
"56.314576480693496","43.938922116251995",928
"56.31127959923058","43.93717197486973",929
"56.31133476072545","43.93756894180391",930
"56.30950842294362","43.936972150297976",931
"56.30955091424044","43.93656579563221",932
"56.30666437940444","43.93680987665251",933
"56.30658982754209","43.93633780786594",934
"56.30484229072893","43.937839844914194",935
"56.3047886108518","43.93746970007014",936
"56.300214359644194","43.93919570157096",937
"56.299925048662566","43.9386458487229",938
"56.298130227366336","43.93771780440321",939
"56.2978304608644","43.93718940922721",940
"56.294112266310805","43.93441332289679",941
"56.293909418023745","43.93471909472442",942
"56.289714990141775","43.931602367848875",943
"56.28984625954296","43.93129123160327",944
"56.28719691820622","43.92966581294025",945
"56.28659721054953","43.92843199679316",946
"56.28573194429635","43.92860365817031",947
"56.28445787817897","43.92766488501477",948
"56.284523521982535","43.927192816227915",949
"56.28146201419294","43.924902209729325",950
"56.27894339646908","43.923480638951666",951
"56.27905679756214","43.92320705363222",952
"56.27732590230728","43.922316560239075",953
"56.27744676904927","43.921895453423545",954
"56.274134731273584","43.91992537090227",955
"56.274209346702484","43.91954449722214",956
"56.27163801474742","43.91809610435354",957
"56.27175293000946","43.91767767974743",958
"56.266693887316805","43.9140653635138",959
"56.263066693188094","43.90941977749981",960
"56.257641676992705","43.902671339618074",961
"56.25710271558018","43.90269682060295",962
"56.25199415253627","43.889748456584186",963
"56.25221962155912","43.88942390929326",964
"56.24880279969145","43.880665380717794",965
"56.24852653757791","43.88100065684416",966
"56.24820995407422","43.879085559608",967
"56.24689431139308","43.875743527174784",968
"56.24695554001778","43.87474038100369",969
"56.2466419297714","43.87606002783854",970
"56.24191058688806","43.86753596758943",971
"56.24188220900698","43.8673669884215",972
"56.23767607471539","43.871881146193125",973
"56.237765698888076","43.872074265242205",974
"56.23549515474001","43.875357289075836",975
"56.235294981800976","43.87554504370676",976
"56.33145921430384","43.96485443300572",977
"56.332229569348556","43.96606410927164",978
"56.33230109086507","43.965857579177474",979
"56.331399611543155","43.964513792460515",980
"56.33335303750326","43.96353746837912",981
"56.33466271517998","43.96071846670391",982
"56.335140982306896","43.958819462721856",983
"56.334591198135136","43.95586366838732",984
"56.33467463454813","43.95531381553911",985
"56.31345647693311","43.94472579545265",986
"56.31697452887933","43.945766492550284",987
"56.33672920221382","43.95525078362645",988
"56.33705100989923","43.955186410610104",989
"56.33817135610614","43.951297207538346",990
"56.337980661188716","43.95136158055479",991
"56.33976242919554","43.944366379443785",992
"56.339673044863154","43.944076700870056",993
"56.34197015647673","43.939071698848096",994
"56.3416573283347","43.93935601300352",995
"56.3433644442118","43.93343905991651",996
"56.343292943591585","43.933133288089",997
"56.24446381520741","43.83399347848024",998
"56.244254728534834","43.83399884289827",999
"56.24492081472466","43.82885436600746",1000
"56.24473861294718","43.8288811880975",1001
"56.24779411252886","43.83068363255574",1002
"56.247154956914095","43.838445945444796",1003
"56.24659942050133","43.84518901890835",1004
"56.24609166479158","43.85016719883944",1005
"56.24656357887989","43.85030130929026",1006
"56.24565857409906","43.856604500475626",1007
"56.245530139248174","43.856486483278964",1008
"56.245282229040846","43.86081020421096",1009
"56.24514781919619","43.86073510235855",1010
"56.24493574934622","43.86468867844647",1011
"56.244801338280304","43.8646403986842",1012
"56.24831677830463","43.83086602276843",1013
"56.24761192411099","43.83858005589497",1014
"56.247002632784586","43.84528557843204",1015
"56.244060575125616","43.838810725870104",1016
"56.24377382428934","43.83876781052567",1017
"56.24559883670288","43.82255117482197",1018
"56.245252359905564","43.822347326936836",1019
"56.21763759698594","43.799521095298516",1020
"56.217405946307295","43.80035794451257",1021
"56.22450447897256","43.827528721832905",1022
"56.22447309962421","43.82736242487399",1023
"56.22584928362006","43.82604009582964",1024
"56.22580894016936","43.82590062096085",1025
"56.2274077035113","43.82435030415021",1026
"56.22734196129175","43.82422424032651",1027
"56.22936049456585","43.822166986012014",1028
"56.22930222604096","43.82204360439733",1029
"56.23087544493198","43.82067299559067",1030
"56.230917277022016","43.82046914770554",1031
"56.232862418824496","43.82048524095959",1032
"56.23290126088612","43.82027602865644",1033
"56.23434436507155","43.82360733225294",1034
"56.23443100933569","43.823671705269284",1035
"56.23410235758958","43.82738388254581",1036
"56.23417406366212","43.827458984398234",1037
"56.23592484509007","43.82954574301183",1038
"56.236020448582366","43.82941699697911",1039
"56.23740069737903","43.83155203535492",1040
"56.2374604472754","43.83141256048616",1041
"56.23967112787037","43.83218503668244",1042
"56.23970100105541","43.832024104141546",1043
"56.24199519175065","43.83286095335415",1044
"56.24206090871528","43.83274830057552",1045
"56.3114008151932","43.81862047129842",1046
"56.31234302045716","43.84017470294222",1047
"56.31273659291088","43.8505065720674",1048
"56.313004935392364","43.8575339596862",1049
"56.31320171880051","43.86254432612606",1050
"56.30937320526863","43.75613149585422",1051
"56.309057127103394","43.75609930934642",1052
"56.286960923878816","43.93257793368969",1053
"56.2870504322087","43.932738866230586",1054
"56.285325867876516","43.93951949062025",1055
"56.28543924993657","43.93968042316114",1056
"56.28354751558634","43.947276439091226",1057
"56.283625096445135","43.947566117664834",1058
"56.29171054212513","43.93313046874646",1059
"56.29176424044556","43.93267449321391",1060
"56.297050171412415","43.929166163822075",1061
"56.2968831328452","43.928914036174426",1062
"56.32515141570572","43.951176370998255",1063
"56.32495171350321","43.95079549731805",1064
"56.32633768422688","43.95349111737745",1065
"56.32644945390587","43.95296540441082",1066
"56.32739277677926","43.95465251388152",1067
"56.32724375420483","43.95489927711088",1068
"56.329747255633116","43.957785334010616",1069
"56.32963996613755","43.958107199092375",1070
"56.33115987320709","43.959802355190064",1071
"56.33106450827564","43.96003838958338",1072
"56.33322804094956","43.96331604899927",1073
"56.332101588725465","43.95172354163661",1074
"56.33189894290586","43.95214733066093",1075
"56.33309394119775","43.948585357089314",1076
"56.33297176106941","43.94832786502394",1077
"56.33434849989166","43.94501533689036",1078
"56.334504944361655","43.94521650256665",1079
"56.336169174835135","43.94134875716636",1080
"56.33598144981581","43.941048349756706",1081
"56.33749067449993","43.937593664545794",1082
"56.33758453349146","43.93789943637353",1083
"56.33851119225229","43.93570002498141",1084
"56.338368172415656","43.93549617709618",1085
"56.3397715308149","43.93274691285541",1086
"56.33962702604134","43.932535018343465",1087
"56.3436029424778","43.930239047426845",1088
"56.34366252593459","43.93059041680778",1089
"56.34071750214472","43.92970260562342",1090
"56.34095883274114","43.930045928377005",1091
"56.34003670278221","43.92383393229852",1092
"56.325447985632515","43.912485505957115",1093
"56.32562533076417","43.91271349372326",1094
"56.32579075225901","43.91380247058234",1095
"56.32893512517934","43.91581144513536",1096
"56.33119712417023","43.91716596068782",1097
"56.336660831192546","43.92031487407102",1098
"56.331139010977196","43.917420770543714",1099
"56.33671744564852","43.920773531812095",1100
"56.32893065433819","43.916111852544354",1101
"56.328005251960306","43.90731957139293",1102
"56.32793223205465","43.906997706310996",1103
"56.33017491929338","43.902365531342326",1104
"56.33009445305511","43.901998068707265",1105
"56.352342833723014","43.83376535357715",1106
"56.362605320249955","43.8120555538106",1107
"56.34726714915425","43.80503353060962",1108
"56.34731481129063","43.805441226379706",1109
"56.343549316251725","43.80814489306717",1110
"56.34347185753405","43.807769383805045",1111
"56.34555127141119","43.84285267771979",1112
"56.34729693815304","43.84613033713603",1113
"56.347725895267466","43.85271247805878",1114
"56.348297830384745","43.86678871096895",1115
"56.34515208050418","43.87235161246568",1116
"56.33774841239264","43.88368662776227",1117
"56.34659689357984","43.891518678085625",1118
"56.362691672966136","43.8119429010319",1119
"56.35441580554025","43.80415376605276",1120
"56.35443367552986","43.80379971446271",1121
"56.35114546236645","43.80419668139725",1122
"56.351044190409674","43.804110850708774",1123
"56.34261980090264","43.83293923320032",1124
"56.342506589028254","43.83300360621623",1125
"56.34337950228405","43.836297358886675",1126
"56.34363869051323","43.83662458838542",1127
"56.34573150164997","43.84254154147342",1128
"56.347444392316774","43.84588357390595",1129
"56.348352937941556","43.84878035964232",1130
"56.34851677169069","43.84878035964232",1131
"56.34856443227308","43.85195609511591",1132
"56.34870145614751","43.85178443373896",1133
"56.34882954313054","43.85770675124356",1134
"56.34900528980135","43.85785159053025",1135
"56.34917805689411","43.864578570739475",1136
"56.34934188709121","43.86457320632165",1137
"56.34806399282012","43.86889156283555",1138
"56.348171230342224","43.869234885589236",1139
"56.345245920112596","43.872652019874266",1140
"56.34133423188451","43.87818256701492",1141
"56.34146532316306","43.87848297442457",1142
"56.337806514701555","43.884067331343104",1143
"56.33765157368453","43.8873771772674",1144
"56.34163617431976","43.90522977418378",1145
"56.34030737036424","43.912986722654736",1146
"56.34017031621063","43.91286870545808",1147
"56.311148396485144","43.84078702039138",1148
"56.311148396547516","43.84049197739983",1149
"56.307659625366355","43.841194716161844",1150
"56.307585075537155","43.840856757826",1151
"56.30068410538033","43.84663423604369",1152
"56.30064533245437","43.846317735380026",1153
"56.29833975738967","43.84827038354268",1154
"56.2982920338269","43.84794851846084",1155
"56.294053343243625","43.85168215340999",1156
"56.29387734232695","43.85191818780323",1157
"56.28711709916742","43.85229906148305",1158
"56.28700968935372","43.85208984917982",1159
"56.28854323463419","43.85682126588241",1160
"56.28878191312381","43.85662814683325",1161
"56.291180549134324","43.863322940534545",1162
"56.29126408099602","43.86291524476429",1163
"56.290219919508814","43.86012574738876",1164
"56.289993183524345","43.8602974087657",1165
"56.29265426287804","43.866541591352316",1166
"56.292487205072554","43.86679908341777",1167
"56.294086156801555","43.87044688767793",1168
"56.29396683437508","43.87068292207112",1169
"56.29517197385247","43.87357970780733",1170
"56.295291292514726","43.87319346970917",1171
"56.29189802203456","43.84627213782655",1172
"56.2918398490545","43.84608170098646",1173
"56.28847461399594","43.850630727475234",1174
"56.28839405964677","43.850373235410125",1175
"56.2967827441355","43.8610645205436",1176
"56.296815555416245","43.860898223584684",1177
"56.29751353413458","43.86348387307503",1178
"56.29754037921453","43.8633712202964",1179
"56.298530651138954","43.86682590550752",1180
"56.298569426323134","43.86672398156494",1181
"56.29940457453998","43.869872894948415",1182
"56.29949703625214","43.86971196240752",1183
"56.261201663207125","43.927626219456535",1184
"56.26098669702452","43.92728289670272",1185
"56.2669023030474","43.91374310559529",1186
"56.33355090451823","43.89376064843363",1187
"56.3334168059959","43.89354607171247",1188
"56.33772262324","43.88696929520796",1189
"56.346627710234834","43.891262149149",1190
"56.349880570534125","43.89358494215598",1191
"56.34989844261608","43.89337036543478",1192
"56.354145803871084","43.89529082708945",1193
"56.354104106973544","43.89510843687642",1194
"56.350955859221486","43.87445006304298",1195
"56.35099160236518","43.873859977059844",1196
"56.35241832266362","43.87133333616791",1197
"56.352457042904234","43.8717303031022",1198
"56.353895621186524","43.869219755463654",1199
"56.354017734335486","43.86944506102122",1200
"56.3551591724356","43.86614192061878",1201
"56.35507652578558","43.865739589267335",1202
"56.353584380568684","43.866919761233426",1203
"56.353465244984434","43.86662471824235",1204
"56.35192240176208","43.86762249999559",1205
"56.35189261654378","43.867257719569416",1206
"56.350036950630354","43.868057017856216",1207
"56.35002801459171","43.867702966266165",1208
"56.35644948551871","43.865444546275505",1209
"56.35647033254299","43.86498857074257",1210
"56.35956303123558","43.86963147454747",1211
"56.359497516793304","43.86950541072355",1212
"56.3610981193855","43.862520938448746",1213
"56.361130875225975","43.86215079360467",1214
"56.389741955677565","43.75263619952611",1215
"56.389637067321225","43.75267375045268",1216
"56.38782044225501","43.76939464145162",1217
"56.38768653524554","43.76930612855408",1218
"56.38622171032347","43.7768257015272",1219
"56.386177816676295","43.77642471127941",1220
"56.383966706889645","43.78609139256923",1221
"56.38382385826541","43.78598410420876",1222
"56.38239236564864","43.794164841704024",1223
"56.382261415562425","43.79408169322457",1224
"56.38136856242833","43.8033943229243",1225
"56.38134624077291","43.79884529643509",1226
"56.3812629067622","43.79867631726715",1227
"56.38023014409399","43.80133975081899",1228
"56.38014680757581","43.80117881827797",1229
"56.37766746178364","43.80489367776359",1230
"56.37761090809159","43.80474079184963",1231
"56.373168211140424","43.80803990893793",1232
"56.37310272026606","43.80785751872496",1233
"56.36890809155254","43.81306100421389",1234
"56.36886641078806","43.81286788516487",1235
"56.33478607761185","43.797123318246854",1236
"56.33492613099219","43.79687119059934",1237
"56.30860788460401","43.742722755006355",1238
"56.2500994603723","43.85165799193685",1239
"56.25026073117723","43.851314669182926",1240
"56.2527752729827","43.85241973929703",1241
"56.25284097137011","43.85208714537919",1242
"56.253736847245065","43.8468836598903",1243
"56.253587535955084","43.84685147338204",1244
"56.25418477727706","43.84235609107312",1245
"56.25404144022602","43.84233463340099",1246
"56.257081264520465","43.843225126793854",1247
"56.257164871187086","43.843096380761146",1248
"56.25875336312498","43.845767860939944",1249
"56.25884293776002","43.845628386071155",1250
"56.26088518245652","43.84629357390681",1251
"56.2608612971859","43.84652960830012",1252
"56.26327363391556","43.84775269561091",1253
"56.26316018585051","43.84797800116817",1254
"56.26499322626609","43.85334241919792",1255
"56.264861871246694","43.85343897872245",1256
"56.265023079601185","43.85847080283439",1257
"56.264843959150724","43.85842788749016",1258
"56.263321401376835","43.861034994652584",1259
"56.263357226964345","43.86134613089832",1260
"56.261112091719156","43.863062744667836",1261
"56.261261373425754","43.86280525260242",1262
"56.2601865320231","43.86058438353804",1263
"56.26028207470745","43.86033762030867",1264
"56.25871156142978","43.85420072608261",1265
"56.258681703136276","43.85375011496811",1266
"56.255534507816805","43.853256588509325",1267
"56.25556436857582","43.85290253691935",1268
"56.25941621029095","43.86634576850195",1269
"56.25930872230533","43.86609900527259",1270
"56.257732197114755","43.86833060317294",1271
"56.257660535329684","43.868158941796",1272
"56.25669308803","43.86774051718958",1273
"56.25671697591296","43.867504482796264",1274
"56.255002982303274","43.867225533058686",1275
"56.255002982303274","43.86696804099324",1276
"56.25213620036224","43.86642087035396",1277
"56.252183981831664","43.866109734108356",1278
"56.24864201863376","43.86554110579705",1279
"56.24835530230355","43.86544454627242",1280
"56.24763850221957","43.87277234130147",1281
"56.2474891671469","43.87265432410474",1282
"56.2160441016851","43.83442748122425",1283
"56.21621149483801","43.834019785454",1284
"56.23145315120466","43.85667908721172",1285
"56.23138144001099","43.856443052818406",1286
"56.22907465823808","43.859597330619884",1287
"56.22891927413642","43.85933983855449",1288
"56.236371021732076","43.865101223518096",1289
"56.236574176498245","43.86489737563294",1290
"56.23401076195075","43.8590394311444",1291
"56.23419002730975","43.85863173537412",1292
"56.2253392882631","43.82799017958787",1293
"56.22537514955162","43.827872162391216",1294
"56.227682154951204","43.82927763991502",1295
"56.22773893181625","43.82905769877581",1296
"56.22974100957885","43.83130538993024",1297
"56.229815711933895","43.831165915061455",1298
"56.23203579934175","43.83357990317484",1299
"56.23214336421975","43.83345652156015",1300
"56.232684171941344","43.83667517237792",1301
"56.23275886854074","43.836830740500794",1302
"56.23051193085128","43.84006548457267",1303
"56.2305687035125","43.8403551631463",1304
"56.228874451280866","43.84254384570219",1305
"56.23175194601055","43.83847225241776",1306
"56.23179975301917","43.83877265982742",1307
"56.2310348336926","43.83265722327346",1308
"56.231142401399566","43.83242118888017",1309
"56.233855397678134","43.83759248786082",1310
"56.23383149549662","43.83733499579542",1311
"56.35559771797905","43.830457811880855",1312
"56.3557108905077","43.82992137007763",1313
"56.358325681955726","43.82719624571833",1314
"56.35840311040044","43.827432280111545",1315
"56.35874260253957","43.82348943285993",1316
"56.35885278786336","43.823344593573246",1317
"56.355290958586586","43.81927836470674",1318
"56.355469653639055","43.81946075491977",1319
"56.35668177942201","43.81405073933648",1320
"56.35675474398373","43.814125841188975",1321
"56.35768986945917","43.810040836859386",1322
"56.357776233348595","43.8101159387116",1323
"56.36361427674754","43.81512630515113",1324
"56.363712537713354","43.814949279356384",1325
"56.370002191085945","43.82400709919989",1326
"56.370055778836935","43.82417876057655",1327
"56.367650205989825","43.816311841535956",1328
"56.36771570631553","43.81623673968374",1329
"56.3687785815928","43.81964314513269",1330
"56.36884407990169","43.81955195002609",1331
"56.36976104484483","43.82682341866532",1332
"56.36972829650614","43.82667053275162",1333
"56.36553478354035","43.83117127947849",1334
"56.36561219728389","43.83138049178175",1335
"56.36308723702505","43.83664835028695",1336
"56.36321527557704","43.8368253760817",1337
"56.362871357025135","43.84375083975805",1338
"56.36268227489684","43.84429801039725",1339
"56.36159838471379","43.84527433447887",1340
"56.36165793993092","43.84544599585584",1341
"56.35975212645039","43.84814429812421",1342
"56.359668744948834","43.84858954482094",1343
"56.35780750265538","43.85220516257305",1344
"56.35791471263371","43.852103238630086",1345
"56.358623482628694","43.85586369566939",1346
"56.358748558255506","43.855692034292495",1347
"56.35943348900657","43.85918427042992",1348
"56.35954367236024","43.859082346487135",1349
"56.362506591512684","43.8577466063979",1350
"56.36274480608013","43.85731745295551",1351
"56.3637036046275","43.85339606337554",1352
"56.36384652908672","43.85355699591631",1353
"56.36689843313937","43.843493347692984",1354
"56.3669460706692","43.843793755102666",1355
"56.36808786457858","43.83535552554122",1356
"56.36815857421571","43.83517447643279",1357
"56.37038474664902","43.842318540144035",1358
"56.37047703590125","43.8424633794308",1359
"56.37475037467257","43.83526164822601",1360
"56.37480395577511","43.83541721634882",1361
"56.377183030556054","43.83355442218787",1362
"56.37720609874669","43.833726083565104",1363
"56.38008579060006","43.831595068502295",1364
"56.3801215063674","43.83184183173151",1365
"56.380463780596926","43.82833350234039",1366
"56.38057687918957","43.828290586996104",1367
"56.38027925066301","43.823441153097335",1368
"56.38014234073592","43.82346261076942",1369
"56.38042508892841","43.81094205908787",1370
"56.38028222675116","43.81085622839927",1371
"56.3023334091764","43.920716827439364",1372
"56.302090342107256","43.92029303841546",1373
"56.30343986722541","43.91625899605678",1374
"56.303757483432825","43.916358237790575",1375
"56.3099586672221","43.899712448643854",1376
"56.31008986666573","43.900270348118646",1377
"56.28530302112505","43.92274457745489",1378
"56.285135931009556","43.922562187241816",1379
"56.286663584378175","43.91686517529435",1380
"56.28653230407143","43.91665059857314",1381
"56.28774364585426","43.91202647023123",1382
"56.287600434953184","43.911929910706576",1383
"56.288584998745314","43.90789586834849",1384
"56.28870433805662","43.908024614381226",1385
"56.28972467387471","43.9040013008588",1386
"56.289808208931085","43.904172962235755",1387
"56.28962920501437","43.90009600453312",1388
"56.28968887308013","43.89996725850038",1389
"56.288978817025324","43.8945813827985",1390
"56.289062353718336","43.89439899258547",1391
"56.28802409892982","43.888508861588775",1392
"56.287904757479296","43.887972419785804",1393
"56.28539253326303","43.8901611023419",1394
"56.28520157357515","43.889753406571636",1395
"56.282665299267585","43.89537531666674",1396
"56.28233706321744","43.89499980740453",1397
"56.276010506252604","43.904666488694005",1398
"56.27570011983469","43.90441972546471",1399
"56.27183798468942","43.90986997418279",1400
"56.27160516955544","43.909365718888125",1401
"56.26656646370776","43.91009527974038",1402
"56.2663634686836","43.91039568715001",1403
"56.2651812998234","43.9065762215129",1404
"56.26503203346536","43.90672642521771",1405
"56.26389161918406","43.90302497677713",1406
"56.26368263897062","43.90350777439976",1407
"56.26185550659759","43.897553270386396",1408
"56.26205852561737","43.89797169499281",1409
"56.26348559956","43.895622079896",1410
"56.26361098842867","43.89596540264989",1411
"56.264769323213855","43.89407712750338",1412
"56.26486485440214","43.89440972142122",1413
"56.266817220722594","43.89152366452116",1414
"56.26696648008051","43.89187771611113",1415
"56.26531265364559","43.888766353653764",1416
"56.265420124690834","43.888573234604685",1417
"56.26419613096524","43.885933940934045",1418
"56.264267780461836","43.88575155072102",1419
"56.26198687202162","43.880204742478135",1420
"56.26210032357292","43.8800867252815",1421
"56.26328258806046","43.88358432583691",1422
"56.26335423927479","43.88344485096814",1423
"56.268829187708384","43.88900238804695",1424
"56.268841127841675","43.88919550709603",1425
"56.27033958572042","43.88706046872017",1426
"56.27045898221307","43.88729650311348",1427
"56.27036943485292","43.88619143299931",1428
"56.270524650100796","43.88598758511418",1429
"56.268572473728135","43.88153511814944",1430
"56.26865605519382","43.88137418560855",1431
"56.266644078989536","43.876589124726",1432
"56.26670975348052","43.8763745480048",1433
"56.265175328974344","43.87286621861329",1434
"56.26531265352883","43.87268382840027",1435
"56.263539337463705","43.86881071858269",1436
"56.26377817269109","43.8685961418614",1437
"56.26144946521695","43.87882072262626",1438
"56.26150917743014","43.87862760357718",1439
"56.26058959875433","43.87648183636527",1440
"56.26066125503217","43.876396005676796",1441
"56.25966999789595","43.87416440777642",1442
"56.25970582691623","43.87403566174371",1443
"56.25843984776836","43.87113887600762",1444
"56.25857122491846","43.870924299286415",1445
"56.26130018396591","43.907734935806296",1446
"56.259538624348124","43.91199964814008",1447
"56.25778892684794","43.91413468651591",1448
"56.256137688112425","43.91398984722902",1449
"56.25609588367209","43.914274161384746",1450
"56.25784864481039","43.91447264485178",1451
"56.25963715441251","43.912208860443165",1452
"56.26321093640949","43.90916187100241",1453
"56.266429143246576","43.900267665909",1454
"56.26649481810117","43.90047151379413",1455
"56.26854859299451","43.89764982991046",1456
"56.268614264195854","43.89786440663165",1457
"56.270070941878494","43.8948496036989",1458
"56.270172429635736","43.89471012883014",1459
"56.27053061956953","43.891169612930476",1460
"56.27060225714806","43.89134127430742",1461
"56.271724561718095","43.8894100838167",1462
"56.2718081362617","43.88920623593157",1463
"56.272984130130276","43.888530319259814",1464
"56.27294831358706","43.888240640686206",1465
"56.275473296882396","43.885601347015466",1466
"56.27552104908429","43.885826652572725",1467
"56.27720427618726","43.8841636829835",1468
"56.27727590121581","43.884077852295",1469
"56.28094053534769","43.89246780209312",1470
"56.28097037627015","43.892757480666596",1471
"56.310769710449016","43.80183059506164",1472
"56.311097701326574","43.80186278156977",1473
"56.31149128676939","43.81264526180944",1474
"56.31172385810532","43.818589036986836",1475
"56.31258257049583","43.84018618397467",1476
"56.31302384554152","43.85037857823086",1477
"56.313286223004795","43.85743815235818",1478
"56.31344126338103","43.869282483735375",1479
"56.31350685723646","43.86255550352633",1480
"56.33124135814813","43.82418918577693",1481
"56.33104466821316","43.824135541596846",1482
"56.331406755642114","43.83182811705128",1483
"56.33124284811593","43.8318737146042",1484
"56.32882885527536","43.852695703187116",1485
"56.32903151724864","43.85281372038378",1486
"56.33014911985601","43.85605382887398",1487
"56.330268328859006","43.85593581167725",1488
"56.33126966933688","43.86033463446124",1489
"56.331522980523935","43.86031317678903",1490
"56.26788590396222","43.90279936758557",1491
"56.2680053081516","43.902627706208605",1492
"56.28149557141836","43.914000272431764",1493
"56.281400081880626","43.91365694967777",1494
"56.27860690802686","43.911639928498296",1495
"56.27866659343647","43.911339521088614",1496
"56.27550911039415","43.90932249990934",1497
"56.27558073866577","43.90903282133586",1498
"56.284384015494986","43.91618895498791",1499
"56.28452723841904","43.91584563223399",1500
"56.27399891751997","43.944266318955805",1501
"56.27408248708075","43.9441590305952",1502
"56.2727931076942","43.94117641417057",1503
"56.27292443523383","43.941176414170364",1504
"56.27324678321555","43.93772172895943",1505
"56.273175150603144","43.93750715223825",1506
"56.27661336404027","43.93506097761666",1507
"56.27651786221243","43.93478202787898",1508
"56.27940668393195","43.93287229506051",1509
"56.27937087342777","43.932550429978726",1510
"56.282390773691645","43.93016862837348",1511
"56.282438517145025","43.930340289750454",1512
"56.28622200207903","43.93626260725534",1513
"56.28613845914659","43.93617677656686",1514
"56.28462271994982","43.94362258879218",1515
"56.28446756213941","43.94355821577584",1516
"56.26515144543312","43.920244455018334",1517
"56.26496934021397","43.91984212366607",1518
"56.28949196679901","43.90874314276249",1519
"56.29118650958801","43.909065007844276",1520
"56.29270198747952","43.90940833059819",1521
"56.2938952346937","43.91127514807255",1522
"56.2958759424879","43.91161847082644",1523
"56.29748668306757","43.91191887823612",1524
"56.29900191012324","43.912326574006386",1525
"56.29592963491841","43.91136634317905",1526
"56.293925065353584","43.91104447809724",1527
"56.29758809773798","43.91160237757229",1528
"56.29909139009464","43.91224610773586",1529
"56.299592474348444","43.91474592653774",1530
"56.29969388344875","43.914660095849264",1531
"56.30141779685487","43.918211340584854",1532
"56.30151323619816","43.91807186571619",1533
"56.30278374894511","43.92130392757903",1534
"56.302840413979716","43.921159088292114",1535
"56.304975731125786","43.92610776392462",1536
"56.305044321735956","43.92600047556399",1537
"56.30650557045552","43.9297984835292",1538
"56.30655328374538","43.92971265284075",1539
"56.308536314660344","43.92790350286009",1540
"56.30850500445514","43.927772074618446",1541
"56.31021211887603","43.92754542795669",1542
"56.31025535482024","43.92739790646078",1543
"56.3120294779031","43.93028128115181",1544
"56.31206525767153","43.93011766640193",1545
"56.313644007089266","43.93345701662552",1546
"56.3137274896448","43.93336045710097",1547
"56.29645462341755","43.872533321061",1548
"56.29652621224714","43.87274789778218",1549
"56.305020463907326","43.87156772581559",1550
"56.305080107847104","43.87195396391374",1551
"56.30290900819098","43.87270498243787",1552
"56.302956725998264","43.87330579725721",1553
"56.30017706393396","43.874722003617045",1554
"56.30021285486457","43.875258445420016",1555
"56.29263635730693","43.883605479874305",1556
"56.292696020659285","43.8841419216773",1557
"56.29082254675412","43.885708331742",1558
"56.2909060794014","43.88633060423344",1559
"56.2893069940231","43.89720964399782",1560
"56.28939052999601","43.89716672865358",1561
"56.2886983692591","43.89178085295167",1562
"56.28879384045375","43.89178085295167",1563
"56.32301378015131","43.9188926216738",1564
"56.32318964627816","43.919080376304926",1565
"56.32179759866705","43.922551154769685",1566
"56.32195558526905","43.922760367073046",1567
"56.32125954560035","43.9248739477773",1568
"56.320852646955565","43.92552572456784",1569
"56.32024452631213","43.92776536909455",1570
"56.319930029094266","43.92756420341899",1571
"56.33937227784379","43.91657921639805",1572
"56.339610637566324","43.91672942010296",1573
"56.33396557898336","43.92399150101023",1574
"56.33407136717516","43.92412292925208",1575
"56.33081417303721","43.931225418723685",1576
"56.330909538589815","43.93136489359245",1577
"56.32806933050089","43.93831717935858",1578
"56.32812893828957","43.938553213751895",1579
"56.324304908560286","43.946449637092044",1580
"56.32436452226555","43.94661056963291",1581
"56.33217310938627","43.8601146933204",1582
"56.33226847152932","43.86028635469737",1583
"56.33375847362605","43.853162407553455",1584
"56.33391939036341","43.8533126112582",1585
"56.335445085601535","43.848677754080335",1586
"56.33534377185462","43.848377346670475",1587
"56.341565131514166","43.843238234198594",1588
"56.33909220328866","43.84528744188557",1589
"56.33916967101197","43.844751000082624",1590
"56.34149958598556","43.84279835191997",1591
"56.32008402005643","43.90688168970308",1592
"56.32023008959262","43.906667112981765",1593
"56.31912411960081","43.89096009699012",1594
"56.318897555966295","43.89062750307251",1595
"56.32054607486844","43.88799357381977",1596
"56.32036721551771","43.88770925966427",1597
"56.3223286604129","43.88440477815792",1598
"56.32214086688337","43.884120464002265",1599
"56.32614543752366","43.87731301752229",1600
"56.326300425404035","43.877559780751554",1601
"56.33041035568591","43.86855292287933",1602
"56.330526583621534","43.86856901613346",1603
"56.33004974868243","43.87133169141889",1604
"56.33005868942065","43.87161600557439",1605
"56.32609476812903","43.867356657658654",1606
"56.32617524270935","43.86705088583095",1607
"56.32351054577333","43.86627304521679",1608
"56.32351650728646","43.86594045129875",1609
"56.32023157952563","43.8673244711504",1610
"56.32001098418518","43.86739957300241",1611
"56.32218110803056","43.86910545793633",1612
"56.3221811080791","43.868783592854825",1613
"56.31773341329951","43.86800575223947",1614
"56.31769167659684","43.867742895756685",1615
"56.35227581659753","43.83441913095533",1616
"56.352895338368555","43.85866093603194",1617
"56.353094893626846","43.858591198597594",1618
"56.35020272795559","43.845416187916314",1619
"56.35039336152018","43.84513723817869",1620
"56.352019665185374","43.85087180105252",1621
"56.352186461564735","43.85069477525712",1622
"56.33587268556876","43.83997130361604",1623
"56.33583096831163","43.83964943853397",1624
"56.341123441119514","43.84808364478138",1625
"56.34112791024205","43.84804072943735",1626
"56.34392096554391","43.84947839346926",1627
"56.3439716110454","43.84938183394471",1628
"56.345470091664055","43.8542312678436",1629
"56.34553860924068","43.85417225924529",1630
"56.3448564068782","43.8592040833571",1631
"56.34490109298775","43.85928991404557",1632
"56.34534497219603","43.86380675402652",1633
"56.34585438425664","43.86382821169865",1634
"56.246860194952234","43.80762678574308",1635
"56.24662722718018","43.80785209130014",1636
"56.28134265220053","43.92535162161494",1637
"56.327668002287744","43.95091575573409",1638
"56.3275130199275","43.950701179012874",1639
"56.3305648639567","43.9449827093931",1640
"56.33035624960098","43.94482177685221",1641
"56.33136950844513","43.94024056385464",1642
"56.33116089853342","43.94002598713358",1643
"56.33386677845702","43.931045951351514",1644
"56.3337833401663","43.930573882564985",1645
"56.331995331442656","43.93535894344758",1646
"56.332174136100924","43.935616435513005",1647
"56.33635792490414","43.92762345264848",1648
"56.336226816038995","43.927441062435506",1649
"56.3461838453195","43.92210883091368",1650
"56.346207677088735","43.92149728725829",1651
"56.3215263377931","43.939449071563445",1652
"56.32180654181616","43.939298867858504",1653
"56.3187420701418","43.924986600555044",1654
"56.3190044081165","43.925276279128695",1655
"56.317782136240055","43.91995477644318",1656
"56.31792523352104","43.91969728437776",1657
"56.316178217361234","43.91147899595613",1658
"56.31633920855424","43.91132879225129",1659
"56.315021445682035","43.90534210172968",1660
"56.315188404549296","43.905181169188836",1661
"56.3170726041847","43.91608166662552",1662
"56.31720974165538","43.91593146292071",1663
"56.314538453185136","43.88982820478734",1664
"56.31429397307427","43.88990330663961",1665
"56.31400178761448","43.8829832073809",1666
"56.31425819526402","43.88297247854472",1667
"56.31367382188214","43.8736491200096",1668
"56.313954083680365","43.8737564083698",1669
"56.313733452062124","43.86928248373298",1670
"56.311878903758206","43.83010077444352",1671
"56.312171105457146","43.830068587935266",1672
"56.30979764679242","43.768517255461376",1673
"56.30949349934304","43.7684314247727",1674
"56.36643246205591","43.84701667894263",1675
"56.3663833352365","43.846783326758406",1676
"56.36963405140969","43.82137861092616",1677
"56.36958492867798","43.82145907719661",1678
"56.36950753705333","43.79751792801706",1679
"56.36949265133628","43.79770568264811",1680
"56.36789984586357","43.7964772309193",1681
"56.367890914055714","43.796638163460194",1682
"56.36655707380985","43.79558137310823",1683
"56.366530277425056","43.795758398903224",1684
"56.364809314864445","43.79444411648584",1685
"56.36477953973235","43.794647964370974",1686
"56.36005542012237","43.79686883343482",1687
"56.36010628262583","43.79702915819693",1688
"56.35904093087083","43.80533595951569",1689
"56.35906624354756","43.805156251511704",1690
"56.367810554588154","43.82698559560602",1691
"56.36787010009508","43.82714116372902",1692
"56.366423118651404","43.823128579042574",1693
"56.36628020391366","43.82326805391136",1694
"56.365235123519525","43.819330571077415",1695
"56.365110069239755","43.81944858827407",1696
"56.36729845956786","43.81460720100194",1697
"56.36733418734434","43.81471448936257",1698
"56.36364958312265","43.81677442588565",1699
"56.36375826543735","43.81704532899616",1700
"56.36173493643918","43.809224007508405",1701
"56.36167240359952","43.80930447377903",1702
"56.360441081016226","43.80626553096514",1703
"56.36041130246495","43.80644792117817",1704
"56.36097336853429","43.82090636887281",1705
"56.36108354742632","43.821115581175995",1706
"56.34475720773886","43.839799849173055",1707
"56.34492999417412","43.84060987629542",1708
"56.34136777481919","43.825612182048154",1709
"56.34124264193751","43.825574631121945",1710
"56.34146460338889","43.81294679107954",1711
"56.341527169564415","43.81316405000968",1712
"56.330490438587056","43.84483031618002",1713
"56.33068117107049","43.84499661313897",1714
"56.3316571700344","43.83996478902697",1715
"56.33143664107852","43.84001038658007",1716
"56.33146048216796","43.83564643251308",1717
"56.3313978994582","43.83565984355814",1718
"56.32574556201357","43.91435352400071",1719
"56.33880125860609","43.92043829608035",1720
"56.33855246519298","43.920247859240256",1721
"56.33910666130758","43.92312855172209",1722
"56.339455263928926","43.92287374186484",1723
"56.33922435236051","43.92450184273748",1724
"56.34545103427196","43.924466974020234",1725
"56.34532293578515","43.92420948195481",1726
"56.326599528036034","43.953614539384674",1727
"56.3233595779449","43.94596487927377",1728
"56.32098085523352","43.94847542691106",1729
"56.31977355235163","43.94795776057159",1730
"56.31890707332226","43.94507720307385",1731
"56.31903675138519","43.94480093554529",1732
"56.31701970065517","43.94191353754058",1733
"56.31690864859832","43.94215225414291",1734
"56.3134845086382","43.935165099658796",1735
"56.313520287086284","43.93538235858904",1736
"56.31248419022325","43.93630772069918",1737
"56.31257363854637","43.93655180171953",1738
"56.31364551121324","43.93697290853481",1739
"56.31379011482939","43.936795882739865",1740
"56.31502518555744","43.90038623646617",1741
"56.314604803679266","43.900455973900435",1742
"56.31447958270377","43.89769866303318",1743
"56.315078851011954","43.89767720536108",1744
"56.26759710571536","43.91581162051036",1745
"56.26729560618643","43.91531809405162",1746
"56.3891939649838","43.760925930458214",1747
"56.38910246517879","43.7608669218599",1748
"56.324012435063494","43.95702809247292",1749
"56.32387830284614","43.95709782990731",1750
"56.22278989389283","43.939673858838816",1751
"56.22277121488398","43.93993000979977",1752
"56.22895496370363","43.94550498123712",1753
"56.22903116167412","43.94554789658136",1754
"56.22799594100673","43.9486753522927",1755
"56.22804225857248","43.94879605169835",1756
"56.22429512365104","43.95209516878614",1757
"56.22433546855883","43.95189400310994",1758
"56.240196068107345","43.961624234164674",1759
"56.24032003995913","43.96139088198037",1760
"56.24289796573593","43.97107633873291",1761
"56.24316680082553","43.97120508476562",1762
"56.24182858076878","43.979868619883646",1763
"56.241610518124524","43.97977206035912",1764
"56.25612712500856","43.972981363087385",1765
"56.25584793012755","43.97128888919899",1766
"56.255771785712305","43.97142031744071",1767
"56.255923701011454","43.97516199901593",1768
"56.25639623992643","43.97835516884824",1769
"56.25668438874646","43.98011201575288",1770
"56.256763517326355","43.980066418199605",1771
"56.25700538096189","43.98165160372737",1772
"56.25713228413582","43.98367130711563",1773
"56.25720693282599","43.9836713071155",1774
"56.25700687389472","43.98539060309408",1775
"56.257278595436546","43.98814254954338",1776
"56.25766527276894","43.9913558359432",1777
"56.25685309655566","43.99328434422497",1778
"56.25626336213208","43.99376714184757",1779
"56.25631860348897","43.99389588788033",1780
"56.261524366115026","43.973934888391284",1781
"56.26032413278302","43.986493292913835",1782
"56.26039429672561","43.98651743279495",1783
"56.25872912126911","44.00697177898053",1784
"56.25879033068316","44.00707906734121",1785
"56.27570913524744","43.98895043523604",1786
"56.275694212748554","43.989304486826015",1787
"56.27545694434644","43.98934203775202",1788
"56.28191756544838","43.980383459642034",1789
"56.28214434952938","43.98084479959258",1790
"56.282484523118484","43.98046392591248",1791
"56.28231443669","43.980860892846636",1792
"56.281249503431674","43.99296301992157",1793
"56.2905049395848","43.995956365182025",1794
"56.290794322173376","43.99632651002608",1795
"56.28220243542745","44.052864483806445",1796
"56.28224122721245","44.052676729175296",1797
"56.272184095308184","44.05744639847733",1798
"56.27224080594619","44.05763951752638",1799
"56.27039915944448","44.06102446530318",1800
"56.27046482746282","44.06119076226212",1801
"56.269312635794826","44.06004814122176",1802
"56.2693603957201","44.05987647984482",1803
"56.26809175218278","44.061340965966934",1804
"56.26816040925958","44.06145361874557",1805
"56.2679753333462","44.06448987935042",1806
"56.26790667592213","44.06464544747328",1807
"56.26747980311067","44.067687072496184",1808
"56.2675454761474","44.067837276201026",1809
"56.266094672395724","44.06965581391312",1810
"56.26616631832245","44.069800653199906",1811
"56.26463187193131","44.07186058972334",1812
"56.26469456451754","44.072048344354315",1813
"56.26336307094112","44.07452670548417",1814
"56.26345562020545","44.074660815934905",1815
"56.26164041940579","44.07688168499918",1816
"56.261667289784846","44.07709626172039",1817
"56.26023417644733","44.07607702229471",1818
"56.260144605068355","44.07625404808971",1819
"56.258648732026444","44.07370058510752",1820
"56.258577071964616","44.073840059976305",1821
"56.2568362882333","44.07459644291851",1822
"56.25688107783334","44.07478419754953",1823
"56.253321633493506","44.075701513032506",1824
"56.25335746844056","44.07589999649951",1825
"56.28504878194892","44.06831113957016",1826
"56.28504281440553","44.06810729168503",1827
"56.28753119312347","44.068123384939035",1828
"56.28751925882075","44.068311139570085",1829
"56.29255229229349","44.068252130971466",1830
"56.29267311076547","44.068002685533166",1831
"56.296400395466975","44.067962452397786",1832
"56.29642574990255","44.06772373579546",1833
"56.298758284937996","43.98803530596265",1834
"56.29865985603563","43.98800311945446",1835
"56.306480674934306","43.975929328133596",1836
"56.30648663910359","43.97560746305181",1837
"56.30934635054748","43.97591323487952",1838
"56.309346350519824","43.975548454453495",1839
"56.30644936254663","43.984858530816446",1840
"56.324120577036695","44.03180696019251",1841
"56.324220430458915","44.03187401541797",1842
"56.31318271171004","44.018445638116816",1843
"56.32629728368348","44.01681955045893",1844
"56.32628536155603","44.016433312360775",1845
"56.32386825210306","44.01966805643242",1846
"56.323907001397835","44.01999528593219",1847
"56.37410841831311","43.80959332632834",1848
"56.37353091821788","43.809432393787446",1849
"56.311790984912406","43.99551894303492",1850
"56.30577805179569","44.07494988079969",1851
"56.30558421220551","44.0749874317259",1852
"56.321249151750344","43.990025778972324",1853
"56.32384814563838","43.99768616791886",1854
"56.32382131911128","43.997857829295825",1855
"56.309462657690155","43.84075942450687",1856
"56.309462657683284","43.84094717913792",1857
"56.3053415161901","43.844798831283214",1858
"56.30522521122002","43.84480956011927",1859
"56.303577058594044","43.84516361170914",1860
"56.30355916470816","43.84536745959427",1861
"56.30398068898325","43.981494560877245",1862
"56.30380175171294","43.98146773878709",1863
"56.29678200625413","43.93987286058893",1864
"56.28540597280786","43.95105642983672",1865
"56.285173240642756","43.95118517586945",1866
"56.2493349079885","43.85777791968398",1867
"56.24904819688237","43.85768136015943",1868
